[{"url":"http://www.dianping.com/","imgname":"ico/dazongdianping.png","src":"http://infinityicon.infinitynewtab.com/icon/150127091336.png","id":66},{"url":"http://p.yiqifa.com/c?s=b20080c9&w=724125&c=254&i=160&l=0&e=miyu&t=http://www.jd.com/","imgname":"ico/jd.png","src":"http://infinityicon.infinitynewtab.com/icon/150128102407.png","id":254},{"url":"http://www.ifeng.com/","imgname":"ico/fenghuang.png","src":"http://infinityicon.infinitynewtab.com/icon/150127091358.png","id":69},{"url":"http://www.bbc.com","imgname":"ico/bbc.png","src":"http://infinityicon.infinitynewtab.com/icon/150127091337.png","id":67},{"url":"http://www.ehow.com","imgname":"ico/ehow.png","src":"http://infinityicon.infinitynewtab.com/icon/150127091354.png","id":68},{"url":"http://www.aol.com","imgname":"ico/aol.png","src":"http://infinityicon.infinitynewtab.com/icon/150127091327.png","id":65},{"url":"http://www.craigslist.com","imgname":"ico/craigslist.png","src":"http://infinityicon.infinitynewtab.com/icon/150127091305.png","id":64},{"url":"http://www.baixing.com","imgname":"ico/baixing.png","src":"http://infinityicon.infinitynewtab.com/icon/150127091250.png","id":63},{"url":"http://www.zhaopin.com/","imgname":"ico/zhilianzhaopin.png","src":"http://infinityicon.infinitynewtab.com/icon/150127091215.png","id":61},{"url":"http://www.58.com","imgname":"ico/58.png","src":"http://infinityicon.infinitynewtab.com/icon/150127091233.png","id":62},{"url":"http://study.163.com/","imgname":"ico/wangyiyunketang.png","src":"http://infinityicon.infinitynewtab.com/icon/150127091204.png","id":60},{"url":"http://www.zhubajie.com","imgname":"ico/zhubajie.png","src":"http://infinityicon.infinitynewtab.com/icon/150127091202.png","id":59},{"url":"http://www.baike.com/","imgname":"ico/xiaobaike.png","src":"http://infinityicon.infinitynewtab.com/icon/150127091153.png","id":58},{"url":"https://www.linkedin.com","imgname":"ico/LinkedIn.png","src":"http://infinityicon.infinitynewtab.com/icon/150127091150.png","id":57},{"url":"http://kickass.to","imgname":"ico/kickass.png","src":"http://infinityicon.infinitynewtab.com/icon/150127091141.png","id":56},{"url":"https://Play.Google.com","imgname":"ico/Google-Play.png","src":"http://infinityicon.infinitynewtab.com/icon/150127091129.png","id":55},{"url":"https://github.com/","imgname":"ico/Github.png","src":"http://infinityicon.infinitynewtab.com/icon/150127091118.png","id":54},{"url":"https://www.etsy.com","imgname":"ico/Etsy.png","src":"http://infinityicon.infinitynewtab.com/icon/150127091048.png","id":53},{"url":"http://www.indeed.com","imgname":"ico/indeed.png","src":"http://infinityicon.infinitynewtab.com/icon/150127091005.png","id":52},{"url":"http://www.imooc.com","imgname":"ico/imooc.png","src":"http://infinityicon.infinitynewtab.com/icon/150127090953.png","id":51},{"url":"http://www.deviantART.com","imgname":"ico/deviantART.png","src":"http://infinityicon.infinitynewtab.com/icon/150127090933.png","id":49},{"url":"http://www.shanbay.com/","imgname":"ico/beishan.png","src":"http://infinityicon.infinitynewtab.com/icon/150127090936.png","id":50},{"url":"http://ele.me/","imgname":"ico/eleme.png","src":"http://infinityicon.infinitynewtab.com/icon/150127091406.png","id":70},{"url":"http://www.FoxNews.com","imgname":"ico/Fox_News.png","src":"http://infinityicon.infinitynewtab.com/icon/150127091422.png","id":71},{"url":"http://www.Huffingtonpost.com","imgname":"ico/Huffingtonpost.png","src":"http://infinityicon.infinitynewtab.com/icon/150127091445.png","id":72},{"url":"http://www.huxiu.com","imgname":"ico/huxiu.png","src":"http://infinityicon.infinitynewtab.com/icon/150127091501.png","id":73},{"url":"http://www.163.com/","imgname":"ico/netease.png","src":"http://infinityicon.infinitynewtab.com/icon/150127091520.png","id":74},{"url":"http://www.autohome.com.cn/","imgname":"ico/qichezhijia.png","src":"http://infinityicon.infinitynewtab.com/icon/150127091533.png","id":75},{"url":"http://news.qq.com/","imgname":"ico/qqnews.png","src":"http://infinityicon.infinitynewtab.com/icon/150127091553.png","id":76},{"url":"http://www.sina.com","imgname":"ico/sina.png","src":"http://infinityicon.infinitynewtab.com/icon/150127091605.png","id":77},{"url":"http://www.foodnetwork.com/","imgname":"ico/FoodNetwork.png","src":"http://infinityicon.infinitynewtab.com/icon/150127091712.png","id":78},{"url":"http://www.sohu.com","imgname":"ico/sohu.png","src":"http://infinityicon.infinitynewtab.com/icon/150127091713.png","id":79},{"url":"http://nytimes.com","imgname":"ico/The_New_York_Times.png","src":"http://infinityicon.infinitynewtab.com/icon/150309033741.png","id":80},{"url":"http://www.ganji.com","imgname":"ico/ganji.png","src":"http://infinityicon.infinitynewtab.com/icon/150127091723.png","id":81},{"url":"http://www.xinhuanet.com/","imgname":"ico/xinhua.png","src":"http://infinityicon.infinitynewtab.com/icon/150127091730.png","id":83},{"url":"https://www.yahoo.com","imgname":"ico/yahoo.png","src":"http://infinityicon.infinitynewtab.com/icon/150127091740.png","id":84},{"url":"http://www.gewala.com","imgname":"ico/gewala.png","src":"http://infinityicon.infinitynewtab.com/icon/150127091750.png","id":85},{"url":"http://www.icbc.com.cn/","imgname":"ico/icbc.png","src":"http://infinityicon.infinitynewtab.com/icon/150127091816.png","id":86},{"url":"http://www.eastmoney.com/","imgname":"ico/dongfangcaifu.png","src":"http://infinityicon.infinitynewtab.com/icon/150127091819.png","id":87},{"url":"http://www.jiankang.com","imgname":"ico/jiankang.png","src":"http://infinityicon.infinitynewtab.com/icon/150127091844.png","id":88},{"url":"http://www.Lifehacker.com","imgname":"ico/Lifehacker.png","src":"http://infinityicon.infinitynewtab.com/icon/150127091857.png","id":89},{"url":"http://mail.163.com/","imgname":"ico/163mail.png","src":"http://infinityicon.infinitynewtab.com/icon/150127091904.png","id":90},{"url":"http://www.360.cn","imgname":"ico/360.png","src":"http://infinityicon.infinitynewtab.com/icon/150127091913.png","id":91},{"url":"http://www.meishij.net/","imgname":"ico/meishijie.png","src":"http://infinityicon.infinitynewtab.com/icon/150127091921.png","id":92},{"url":"https://www.alipay.com","imgname":"ico/alipay.png","src":"http://infinityicon.infinitynewtab.com/icon/150127091928.png","id":93},{"url":"http://waimai.meituan.com/","imgname":"ico/meituanwaimai.png","src":"http://infinityicon.infinitynewtab.com/icon/150127091933.png","id":94},{"url":"http://www.mtime.com","imgname":"ico/mtime.png","src":"http://infinityicon.infinitynewtab.com/icon/150127091945.png","id":95},{"url":"https://www.netflix.com","imgname":"ico/Netflix.png","src":"http://infinityicon.infinitynewtab.com/icon/150127091957.png","id":96},{"url":"https://www.paypal.com/","imgname":"ico/PayPal.png","src":"http://infinityicon.infinitynewtab.com/icon/150127092010.png","id":97},{"url":"http://www.xiachufang.com","imgname":"ico/xiachufang.png","src":"http://infinityicon.infinitynewtab.com/icon/150127092018.png","id":98},{"url":"https://answers.yahoo.com/","imgname":"ico/yahoo_answer.png","src":"http://infinityicon.infinitynewtab.com/icon/150127092032.png","id":99},{"url":null,"imgname":"ico/apps.png","src":"http://infinityicon.infinitynewtab.com/icon/150127092038.png","id":100},{"url":"http://www.yiche.com","imgname":"ico/yiche.png","src":"http://infinityicon.infinitynewtab.com/icon/150127092042.png","id":101},{"url":"http://www.baidu.com","imgname":"ico/baidu.png","src":"http://infinityicon.infinitynewtab.com/icon/150127092048.png","id":102},{"url":"http://www.Bing.com","imgname":"ico/Bing.png","src":"http://infinityicon.infinitynewtab.com/icon/150127092104.png","id":103},{"url":"http://tieba.baidu.com/","imgname":"ico/baidutieba.png","src":"http://infinityicon.infinitynewtab.com/icon/150127092105.png","id":104},{"url":"http://www.douban.com","imgname":"ico/douban.png","src":"http://infinityicon.infinitynewtab.com/icon/150127092126.png","id":105},{"url":"https://worktile.com/dashboard","imgname":"ico/worktile.png","src":"http://infinityicon.infinitynewtab.com/icon/150131023725.png","id":282},{"url":"https://www.facebook.com","imgname":"ico/facebook.png","src":"http://infinityicon.infinitynewtab.com/icon/150127092140.png","id":107},{"url":"http://www.Fancy.com","imgname":"ico/Fancy.png","src":"http://infinityicon.infinitynewtab.com/icon/150127092202.png","id":108},{"url":"https://chrome.google.com/webstore?utm_source=chrome-ntp-icon","imgname":"ico/chrome.png","src":"http://infinityicon.infinitynewtab.com/icon/150127092207.png","id":109},{"url":"https://plus.google.com","imgname":"ico/googleplus.png","src":"http://infinityicon.infinitynewtab.com/icon/150127092215.png","id":110},{"url":"http://www.imdb.com","imgname":"ico/imdb.png","src":"http://infinityicon.infinitynewtab.com/icon/150127092223.png","id":111},{"url":"http://www.instagram.com","imgname":"ico/instagram.png","src":"http://infinityicon.infinitynewtab.com/icon/150127092232.png","id":112},{"url":"http://www.Lofter.com","imgname":"ico/Lofter.png","src":"http://infinityicon.infinitynewtab.com/icon/150127092247.png","id":113},{"url":"http://www.mop.com/","imgname":"ico/maopu.png","src":"http://infinityicon.infinitynewtab.com/icon/150127092255.png","id":114},{"url":"http://www.MSN.com","imgname":"ico/MSN.png","src":"http://infinityicon.infinitynewtab.com/icon/150127092301.png","id":115},{"url":"https://myspace.com","imgname":"ico/Myspace.png","src":"http://infinityicon.infinitynewtab.com/icon/150127092309.png","id":116},{"url":"https://www.pinterest.com/","imgname":"ico/Pinterest.png","src":"http://infinityicon.infinitynewtab.com/icon/150127092321.png","id":117},{"url":"http://w.qq.com/","imgname":"ico/qq.png","src":"http://infinityicon.infinitynewtab.com/icon/150127092331.png","id":118},{"url":"http://qzone.qq.com/","imgname":"ico/qqzone.png","src":"http://infinityicon.infinitynewtab.com/icon/150127092341.png","id":119},{"url":"https://www.quora.com","imgname":"ico/quora.png","src":"http://infinityicon.infinitynewtab.com/icon/150127092348.png","id":120},{"url":"http://www.reddit.com","imgname":"ico/reddit.png","src":"http://infinityicon.infinitynewtab.com/icon/150127092357.png","id":121},{"url":"http://www.renren.com","imgname":"ico/renren.png","src":"http://infinityicon.infinitynewtab.com/icon/150127092405.png","id":122},{"url":"https://chrome.google.com/webstore/category/home?utm_source=infinity","imgname":"ico/chromestore.png","src":"http://infinityicon.infinitynewtab.com/icon/150127092415.png","id":123},{"url":"http://weibo.com/","imgname":"ico/sinaweibo.png","src":"http://infinityicon.infinitynewtab.com/icon/150127092430.png","id":124},{"url":"https://www.dropbox.com","imgname":"ico/Dropbox.png","src":"http://infinityicon.infinitynewtab.com/icon/150127092431.png","id":125},{"url":"http://t.qq.com/","imgname":"ico/tengxunweibo.png","src":"http://infinityicon.infinitynewtab.com/icon/150127092436.png","id":126},{"url":"http://t.qq.com/","imgname":"ico/tengxunweibo.png","src":"http://infinityicon.infinitynewtab.com/icon/150127092436.png","id":127},{"url":"http://www.tianya.cn","imgname":"ico/tianya.png","src":"http://infinityicon.infinitynewtab.com/icon/150127092444.png","id":128},{"url":"https://www.tumblr.com","imgname":"ico/tumblr.png","src":"http://infinityicon.infinitynewtab.com/icon/150127092454.png","id":129},{"url":"https://www.twitter.com","imgname":"ico/twitter.png","src":"http://infinityicon.infinitynewtab.com/icon/150310085737.png","id":130},{"url":"https://www.evernote.com/Login.action?targetUrl=%2FHome.action","imgname":"ico/Evernote.png","src":"http://infinityicon.infinitynewtab.com/icon/150127092503.png","id":131},{"url":"https://wx.qq.com/","imgname":"ico/weixin.png","src":"http://infinityicon.infinitynewtab.com/icon/150127092512.png","id":132},{"url":"http://www.zhihu.com","imgname":"ico/zhihu.png","src":"http://infinityicon.infinitynewtab.com/icon/150127092519.png","id":133},{"url":null,"imgname":"ico/few_clouds_day.png","src":"http://infinityicon.infinitynewtab.com/icon/150127092540.png","id":134},{"url":"http://www.36kr.com","imgname":"ico/36kr.png","src":"http://infinityicon.infinitynewtab.com/icon/150127092548.png","id":135},{"url":"http://www.Android.com","imgname":"ico/Android.png","src":"http://infinityicon.infinitynewtab.com/icon/150127092604.png","id":136},{"url":"http://www.Filehippo.com","imgname":"ico/Filehippo.png","src":"http://infinityicon.infinitynewtab.com/icon/150127092611.png","id":137},{"url":"http://www.Apple.com","imgname":"ico/Apple.png","src":"http://infinityicon.infinitynewtab.com/icon/150127092615.png","id":138},{"url":"https://mail.google.com/mail/u/0/","imgname":"ico/gmail.png","src":"http://infinityicon.infinitynewtab.com/icon/150127092622.png","id":139},{"url":"https://www.google.com","imgname":"ico/google.png","src":"http://infinityicon.infinitynewtab.com/icon/150127092630.png","id":140},{"url":"http://www.CNET.com","imgname":"ico/CNET.png","src":"http://infinityicon.infinitynewtab.com/icon/150127092638.png","id":141},{"url":"https://drive.google.com","imgname":"ico/google_drive.png","src":"http://infinityicon.infinitynewtab.com/icon/150127092644.png","id":142},{"url":"http://www.guokr.com/","imgname":"ico/guoke.png","src":"http://infinityicon.infinitynewtab.com/icon/150127092648.png","id":143},{"url":"http://www.HP.com","imgname":"ico/HP.png","src":"http://infinityicon.infinitynewtab.com/icon/150127092659.png","id":144},{"url":"http://www.ifanr.com","imgname":"ico/ifanr.png","src":"http://infinityicon.infinitynewtab.com/icon/150127092711.png","id":145},{"url":"https://Translate.Google.com","imgname":"ico/GoogleTranslate.png","src":"http://infinityicon.infinitynewtab.com/icon/150127092716.png","id":146},{"url":"http://jandan.net/","imgname":"ico/jiandan.png","src":"http://infinityicon.infinitynewtab.com/icon/150127092723.png","id":147},{"url":"http://www.Microsoft.com","imgname":"ico/Microsoft.png","src":"http://infinityicon.infinitynewtab.com/icon/150127092730.png","id":148},{"url":null,"imgname":"ico/history.png","src":"http://infinityicon.infinitynewtab.com/icon/150127092734.png","id":149},{"url":"http://www.pcpop.com/","imgname":"ico/paopao.png","src":"http://infinityicon.infinitynewtab.com/icon/150127092745.png","id":150},{"url":"http://www.Hotmail.com","imgname":"ico/Hotmail.png","src":"http://infinityicon.infinitynewtab.com/icon/150127092750.png","id":151},{"url":"http://www.windowsphone.com/","imgname":"ico/WindowsPhoneStore.png","src":"http://infinityicon.infinitynewtab.com/icon/150127092801.png","id":152},{"url":"https://www.icloud.com","imgname":"ico/iCloud.png","src":"http://infinityicon.infinitynewtab.com/icon/150127092803.png","id":153},{"url":"http://www.kuaidi100.com/","imgname":"ico/kuaidi100.png","src":"http://infinityicon.infinitynewtab.com/icon/150127092814.png","id":154},{"url":"http://www.56.com","imgname":"ico/56.png","src":"http://infinityicon.infinitynewtab.com/icon/150127092816.png","id":155},{"url":"http://music.baidu.com/","imgname":"ico/baidumusic.png","src":"http://infinityicon.infinitynewtab.com/icon/150127092822.png","id":156},{"url":"http://fm.baidu.com/","imgname":"ico/baidusuishenting.png","src":"http://infinityicon.infinitynewtab.com/icon/150127092828.png","id":157},{"url":"http://www.dailymotion.com","imgname":"ico/Dailymotion.png","src":"http://infinityicon.infinitynewtab.com/icon/150309034247.png","id":158},{"url":null,"imgname":"ico/notes.png","src":"http://infinityicon.infinitynewtab.com/icon/150127092837.png","id":159},{"url":"https://onedrive.com","imgname":"ico/OneDrive.png","src":"http://infinityicon.infinitynewtab.com/icon/150127092853.png","id":160},{"url":"https://outlook.com","imgname":"ico/Outlook.png","src":"http://infinityicon.infinitynewtab.com/icon/150127092913.png","id":161},{"url":"https://mail.qq.com","imgname":"ico/qqmail.png","src":"http://infinityicon.infinitynewtab.com/icon/150127092924.png","id":162},{"url":"http://www.Deezer.com","imgname":"ico/Deezer.png","src":"http://infinityicon.infinitynewtab.com/icon/150127092927.png","id":163},{"url":"http://douban.fm/","imgname":"ico/doubanfm.png","src":"http://infinityicon.infinitynewtab.com/icon/150127092938.png","id":164},{"url":null,"imgname":"ico/setting.png","src":"http://infinityicon.infinitynewtab.com/icon/150127092940.png","id":165},{"url":"http://www.Hulu.com","imgname":"ico/Hulu.png","src":"http://infinityicon.infinitynewtab.com/icon/150127092951.png","id":166},{"url":"http://www.iqiyi.com","imgname":"ico/iqiyi.png","src":"http://infinityicon.infinitynewtab.com/icon/150127092958.png","id":167},{"url":"http://jing.fm/","imgname":"ico/jing.fm.png","src":"http://infinityicon.infinitynewtab.com/icon/150127093009.png","id":168},{"url":"http://www.sogou.com/","imgname":"ico/sogousousuo.png","src":"http://infinityicon.infinitynewtab.com/icon/150127093012.png","id":169},{"url":"http://www.letv.com","imgname":"ico/letv.png","src":"http://infinityicon.infinitynewtab.com/icon/150127093014.png","id":170},{"url":"http://www.mtv.com","imgname":"ico/mtv.png","src":"http://infinityicon.infinitynewtab.com/icon/150127093019.png","id":171},{"url":"http://y.qq.com/","imgname":"ico/qqmusic.png","src":"http://infinityicon.infinitynewtab.com/icon/150127093026.png","id":172},{"url":"http://v.qq.com/","imgname":"ico/qqvideo.png","src":"http://infinityicon.infinitynewtab.com/icon/150127093032.png","id":173},{"url":"http://tv.sohu.com/","imgname":"ico/sohuvideo.png","src":"http://infinityicon.infinitynewtab.com/icon/150127093042.png","id":174},{"url":"http://www.speedtest.net/","imgname":"ico/Speedtest.png","src":"http://infinityicon.infinitynewtab.com/icon/150127093044.png","id":175},{"url":"https://soundcloud.com/","imgname":"ico/SoundCloud.png","src":"http://infinityicon.infinitynewtab.com/icon/150127093050.png","id":176},{"url":"http://www.TheFreeDictionary.com","imgname":"ico/TheFreeDictionary.png","src":"http://infinityicon.infinitynewtab.com/icon/150127093056.png","id":177},{"url":"https://www.spotify.com","imgname":"ico/Spotify.png","src":"http://infinityicon.infinitynewtab.com/icon/150127093058.png","id":178},{"url":"http://www.Thesaurus.com","imgname":"ico/Thesaurus.png","src":"http://infinityicon.infinitynewtab.com/icon/150127093106.png","id":179},{"url":"http://www.tudou.com","imgname":"ico/tudou.png","src":"http://infinityicon.infinitynewtab.com/icon/150127093110.png","id":180},{"url":"http://www.letv.com","imgname":"ico/tv.png","src":"http://infinityicon.infinitynewtab.com/icon/150127093122.png","id":181},{"url":null,"imgname":"ico/todos.png","src":"http://infinityicon.infinitynewtab.com/icon/150127093122.png","id":182},{"url":"http://www.TVGuide.com","imgname":"ico/TVGuide.png","src":"http://infinityicon.infinitynewtab.com/icon/150127093131.png","id":183},{"url":"https://vimeo.com/","imgname":"ico/Vimeo.png","src":"http://infinityicon.infinitynewtab.com/icon/150127093146.png","id":184},{"url":"http://www.xiami.com","imgname":"ico/xiami.png","src":"http://infinityicon.infinitynewtab.com/icon/150127093154.png","id":185},{"url":"http://www.yinyuetai.com","imgname":"ico/yinyuetai.png","src":"http://infinityicon.infinitynewtab.com/icon/150127093201.png","id":186},{"url":"http://www.youku.com","imgname":"ico/youku.png","src":"http://infinityicon.infinitynewtab.com/icon/150127093210.png","id":187},{"url":"https://www.youtube.com","imgname":"ico/youtube.png","src":"http://infinityicon.infinitynewtab.com/icon/150127093217.png","id":188},{"url":"http://www.duokan.com","imgname":"ico/duokan.png","src":"http://infinityicon.infinitynewtab.com/icon/150127093233.png","id":189},{"url":"http://www.qidian.com","imgname":"ico/qidian.png","src":"http://infinityicon.infinitynewtab.com/icon/150127093242.png","id":190},{"url":"https://www.wikipedia.org/","imgname":"ico/w.png","src":"http://infinityicon.infinitynewtab.com/icon/150127093244.png","id":191},{"url":"http://www.u17.com/","imgname":"ico/youyaoqi.png","src":"http://infinityicon.infinitynewtab.com/icon/150127093248.png","id":192},{"url":"http://www.12306.cn","imgname":"ico/12306.png","src":"http://infinityicon.infinitynewtab.com/icon/150127093337.png","id":193},{"url":"http://map.baidu.com/","imgname":"ico/baidumap.png","src":"http://infinityicon.infinitynewtab.com/icon/150127093356.png","id":194},{"url":"https://500px.com/","imgname":"ico/500px.png","src":"http://infinityicon.infinitynewtab.com/icon/150127093403.png","id":195},{"url":"https://map.google.com","imgname":"ico/google_map.png","src":"http://infinityicon.infinitynewtab.com/icon/150127093408.png","id":196},{"url":"https://dribbble.com","imgname":"ico/Dribbble.png","src":"http://infinityicon.infinitynewtab.com/icon/150127093418.png","id":197},{"url":"https://www.flickr.com","imgname":"ico/Flickr.png","src":"http://infinityicon.infinitynewtab.com/icon/150127093432.png","id":198},{"url":"http://www.picmonkey.com/","imgname":"ico/PicMonkey_Logo.png","src":"http://infinityicon.infinitynewtab.com/icon/150127093444.png","id":199},{"url":"http://www.hupu.com/","imgname":"ico/hupusports.png","src":"http://infinityicon.infinitynewtab.com/icon/150127093448.png","id":200},{"url":"https://pixlr.com/","imgname":"ico/pixlr.png","src":"http://infinityicon.infinitynewtab.com/icon/150127093502.png","id":201},{"url":"http://www.yhd.com/","imgname":"ico/1haodian.png","src":"http://infinityicon.infinitynewtab.com/icon/150127093519.png","id":202},{"url":"http://www.nba.com","imgname":"ico/nba.png","src":"http://infinityicon.infinitynewtab.com/icon/150127093608.png","id":203},{"url":"http://ai.taobao.com/","imgname":"ico/aitaobao.png","src":"http://infinityicon.infinitynewtab.com/icon/150127093624.png","id":204},{"url":"http://china.nba.com/","imgname":"ico/NBAChina.png","src":"http://infinityicon.infinitynewtab.com/icon/150127093642.png","id":205},{"url":"http://www.qunar.com/","imgname":"ico/qunaer.png","src":"http://infinityicon.infinitynewtab.com/icon/150127093651.png","id":206},{"url":"http://sports.sina.com.cn/","imgname":"ico/sinasports.png","src":"http://infinityicon.infinitynewtab.com/icon/150127093701.png","id":207},{"url":"http://amazon.com","imgname":"ico/amazon.png","src":"http://infinityicon.infinitynewtab.com/icon/150127093703.png","id":208},{"url":"http://sports.sohu.com/","imgname":"ico/souhusports.png","src":"http://infinityicon.infinitynewtab.com/icon/150127093710.png","id":209},{"url":"http://www.alitrip.com/","imgname":"ico/taobaotrip.png","src":"http://infinityicon.infinitynewtab.com/icon/150127093722.png","id":210},{"url":"http://www.tuniu.com/","imgname":"ico/tuniulvxing.png","src":"http://infinityicon.infinitynewtab.com/icon/150127093728.png","id":211},{"url":"http://www.ctrip.com/","imgname":"ico/xiecheng.png","src":"http://infinityicon.infinitynewtab.com/icon/150127093741.png","id":212},{"url":"http://www.amazon.cn/","imgname":"ico/amazon.png","src":"http://infinityicon.infinitynewtab.com/icon/150127093743.png","id":213},{"url":"http://www.BestBuy.com","imgname":"ico/BestBuy.png","src":"http://infinityicon.infinitynewtab.com/icon/150127093751.png","id":214},{"url":"http://www.dangdang.com","imgname":"ico/dangdang.png","src":"http://infinityicon.infinitynewtab.com/icon/150127093804.png","id":215},{"url":"http://www.ebay.com","imgname":"ico/ebay.png","src":"http://infinityicon.infinitynewtab.com/icon/150127093812.png","id":216},{"url":"http://www.vancl.com/","imgname":"ico/fanke.png","src":"http://infinityicon.infinitynewtab.com/icon/150127094600.png","id":217},{"url":"http://ju.taobao.com/","imgname":"ico/juhuasuan.png","src":"http://infinityicon.infinitynewtab.com/icon/150127094612.png","id":218},{"url":"http://jumei.com","imgname":"ico/jumeiyoupin.png","src":"http://infinityicon.infinitynewtab.com/icon/150127094622.png","id":219},{"url":"http://www.lashou.com","imgname":"ico/lashou.png","src":"http://infinityicon.infinitynewtab.com/icon/150127094640.png","id":220},{"url":"http://www.lowes.com/","imgname":"ico/Lowes.png","src":"http://infinityicon.infinitynewtab.com/icon/150127100039.png","id":222},{"url":"http://www.macys.com","imgname":"ico/macys.png","src":"http://infinityicon.infinitynewtab.com/icon/150127100203.png","id":223},{"url":"http://www.meilishuo.com","imgname":"ico/meilishuo.png","src":"http://infinityicon.infinitynewtab.com/icon/150127100316.png","id":224},{"url":"http://www.meituan.com","imgname":"ico/meituan.png","src":"http://infinityicon.infinitynewtab.com/icon/150127100328.png","id":225},{"url":"http://www.mogujie.com","imgname":"ico/mogujie.png","src":"http://infinityicon.infinitynewtab.com/icon/150309034717.png","id":299},{"url":"http://www.newegg.com","imgname":"ico/newegg.png","src":"http://infinityicon.infinitynewtab.com/icon/150127100359.png","id":227},{"url":"http://www.nuomi.com","imgname":"ico/nuomituan.png","src":"http://infinityicon.infinitynewtab.com/icon/150127100412.png","id":228},{"url":"http://www.Pandora.com","imgname":"ico/Pandora.png","src":"http://infinityicon.infinitynewtab.com/icon/150127100444.png","id":229},{"url":"http://www.suning.com","imgname":"ico/suning.png","src":"http://infinityicon.infinitynewtab.com/icon/150127100504.png","id":230},{"url":"http://www.taobao.com","imgname":"ico/taobao.png","src":"http://infinityicon.infinitynewtab.com/icon/150127100640.png","id":231},{"url":"http://www.tmall.com","imgname":"ico/tmall.png","src":"http://infinityicon.infinitynewtab.com/icon/150127100718.png","id":232},{"url":"http://www.Toysrus.com","imgname":"ico/Toysrus.png","src":"http://infinityicon.infinitynewtab.com/icon/150127100729.png","id":233},{"url":"http://www.vip.com","imgname":"ico/vip.png","src":"http://infinityicon.infinitynewtab.com/icon/150127100741.png","id":234},{"url":"http://www.walmart.com","imgname":"ico/walmart.png","src":"http://infinityicon.infinitynewtab.com/icon/150127100751.png","id":235},{"url":"http://www.etao.com/","imgname":"ico/yitao.png","src":"http://infinityicon.infinitynewtab.com/icon/150127100906.png","id":238},{"url":"http://www.woot.com","imgname":"ico/woot.png","src":"http://infinityicon.infinitynewtab.com/icon/150127100814.png","id":237},{"url":"http://www.Zappos.com","imgname":"ico/Zappos.png","src":"http://infinityicon.infinitynewtab.com/icon/150127100915.png","id":239},{"url":"http://www.9GAG.com","imgname":"ico/9GAG.png","src":"http://infinityicon.infinitynewtab.com/icon/150127100951.png","id":240},{"url":"http://baozoumanhua.com/","imgname":"ico/baozoumanhua.png","src":"http://infinityicon.infinitynewtab.com/icon/150127101001.png","id":241},{"url":"http://www.baozoumanhua.com","imgname":"ico/baozoumanhua.png","src":"http://infinityicon.infinitynewtab.com/icon/150127101001.png","id":241},{"url":"http://www.cnn.com","imgname":"ico/cnn.png","src":"http://infinityicon.infinitynewtab.com/icon/150202041300.png","id":284},{"url":"http://www.Flipkart.com","imgname":"ico/Flipkart.png","src":"http://infinityicon.infinitynewtab.com/icon/150202042449.png","id":285},{"url":"http://www.ESPN.com","imgname":"ico/ESPN.png","src":"http://infinityicon.infinitynewtab.com/icon/150127101010.png","id":242},{"url":"http://www.gamespot.com","imgname":"ico/gamespot.png","src":"http://infinityicon.infinitynewtab.com/icon/150127101019.png","id":243},{"url":"http://www.IGN.com","imgname":"ico/IGN.png","src":"http://infinityicon.infinitynewtab.com/icon/150127101029.png","id":244},{"url":"http://www.Miniclip.com","imgname":"ico/Miniclip.png","src":"http://infinityicon.infinitynewtab.com/icon/150127101038.png","id":245},{"url":"http://www.PlayStation.com","imgname":"ico/PlayStation.png","src":"http://infinityicon.infinitynewtab.com/icon/150127101047.png","id":246},{"url":"http://www.pogo.com","imgname":"ico/pogo.png","src":"http://infinityicon.infinitynewtab.com/icon/150127101054.png","id":247},{"url":"http://www.qiushibaike.com","imgname":"ico/qiushibaike.png","src":"http://infinityicon.infinitynewtab.com/icon/150127101104.png","id":248},{"url":"http://www.Xbox.com","imgname":"ico/Xbox.png","src":"http://infinityicon.infinitynewtab.com/icon/150127101113.png","id":249},{"url":"https://games.yahoo.com/","imgname":"ico/Yahoo_Games.png","src":"http://infinityicon.infinitynewtab.com/icon/150127101124.png","id":250},{"url":null,"imgname":"ico/few_clouds_day.png","src":"http://infinityicon.infinitynewtab.com/icon/150127031616.png","id":251},{"url":"http://music.163.com/","imgname":"ico/网易云音乐.png","src":"http://infinityicon.infinitynewtab.com/icon/150127060032.png","id":253},{"url":"http://www.Groupon.com","imgname":"ico/Groupon.png","src":"http://infinityicon.infinitynewtab.com/icon/150202043134.png","id":286},{"url":"http://www.tv.com","imgname":"ico/tv.png","src":"http://infinityicon.infinitynewtab.com/icon/150202043608.png","id":287},{"url":"http://www.zillow.com","imgname":"ico/zillow.png","src":"http://infinityicon.infinitynewtab.com/icon/150202043840.png","id":288},{"url":"http://infinitynewtab.com/jd.com.html","imgname":"ico/jd.png","src":"http://infinityicon.infinitynewtab.com/icon/150128102407.png","id":254},{"url":null,"imgname":"ico/bookmarks.png","src":"http://infinityicon.infinitynewtab.com/icon/150131020157.png","id":280},{"url":"http://www.bilibili.com","imgname":"ico/哔哩哔哩弹幕视频网","src":"http://infinityicon.infinitynewtab.com/icon/150215082633.png","id":275},{"url":"http://armory.games.sina.com.cn/","imgname":"ico/《魔兽世界》英雄榜.png","src":"http://infinityicon.infinitynewtab.com/icon/150309034946.png","id":300},{"url":"http://yunpan.360.cn/","imgname":"ico/360云盘.png","src":"http://infinityicon.infinitynewtab.com/icon/150309033519.png","id":277},{"url":"http://www.douyutv.com/","imgname":"ico/斗鱼 - 全民游戏直播平","src":"http://infinityicon.infinitynewtab.com/usericon/5b891546a97d6e2faf2f9bf1e7917191.png","id":279},{"url":"http://www.acfun.tv/","imgname":"ico/Ac动画.png","src":"http://infinityicon.infinitynewtab.com/icon/150309033931.png","id":278}]